fid,label,_geom
1,element 1,POINT (5.362192173829071 43.81503778065979)
2,element 2,POINT (5.938977580618794 43.75209129586589)
7,element 7,POINT (6.198521386678395 42.68260160259638)
2,element 2,POINT (5.938977580618794 43.75209129586589)
