fid,label,geompol
1,element 1,"POLYGON ((6.2391152188576 44.23331451379951, 6.16161790287912 43.81456334596878, 6.748383295287605 43.83317838644907, 6.727884839005895 43.97646145496493, 6.693028069588689 44.22010833314981, 6.628122911243207 44.22199668957071, 6.2391152188576 44.23331451379951))"
2,element 2,"POLYGON ((6.032455709581656 44.19521093015088, 5.567471813710779 43.8860751165404, 6.290780096176586 43.62588938560129, 6.438394031373689 44.08970643816957, 6.032455709581656 44.19521093015088))"
3,element 3,"POLYGON ((6.032455709581656 44.19521093015088, 5.567471813710779 43.8860751165404, 6.290780096176586 43.62588938560129, 6.438394031373689 44.08970643816957, 6.032455709581656 44.19521093015088))"
4,element 4,"POLYGON ((5.685562961868463 43.70225709069182, 5.445690317173171 43.59010057475595, 6.014003967682018 43.28462037694144, 6.025075012821801 43.60079116963337, 5.685562961868463 43.70225709069182), (5.744608535947305 43.60079116963337, 5.914364561423971 43.52591712304841, 5.822105851925783 43.48041248152663, 5.656040174829043 43.58475456510651, 5.744608535947305 43.60079116963337))"
6,element 6,"POLYGON ((7.198605797638769 43.0153859029196, 6.678266676068982 42.96949811360918, 6.704099114728473 42.73683492429429, 7.257651371717611 42.77747881636348, 7.198605797638769 43.0153859029196))"
5,element 5,"POLYGON ((6.628122911243207 44.22199668957071, 6.614145636255817 44.27585946282259, 7.184853561048693 44.02066087075947, 6.727884839005895 43.97646145496493, 6.693028069588689 44.22010833314981, 6.628122911243207 44.22199668957071))"
